,State,Year,Deaths,Population,Death Rate,Cause of Death
0,California,1981,148,24286016,0.61,Unintentional Firearm
1,California,1982,102,24820028,0.41,Unintentional Firearm
2,California,1983,124,25360065,0.49,Unintentional Firearm
3,California,1984,147,25844407,0.57,Unintentional Firearm
4,California,1985,176,26441102,0.67,Unintentional Firearm
5,California,1986,133,27102159,0.49,Unintentional Firearm
6,California,1987,141,27777037,0.51,Unintentional Firearm
7,California,1988,149,28464180,0.52,Unintentional Firearm
8,California,1989,199,29218118,0.68,Unintentional Firearm
9,California,1990,124,29950111,0.41,Unintentional Firearm
10,California,1991,136,30470736,0.45,Unintentional Firearm
11,California,1992,118,30974659,0.38,Unintentional Firearm
12,California,1993,123,31274928,0.39,Unintentional Firearm
13,California,1994,138,31484435,0.44,Unintentional Firearm
14,California,1995,111,31696582,0.35,Unintentional Firearm
15,California,1996,142,32018834,0.44,Unintentional Firearm
16,California,1997,80,32486010,0.25,Unintentional Firearm
17,California,1998,52,32987675,0.16,Unintentional Firearm
18,California,1999,47,33499204,0.14,Unintentional Firearm
19,California,2000,66,33871648,0.19,Unintentional Firearm
20,California,2001,97,34479458,0.28,Unintentional Firearm
21,California,2002,44,34871843,0.13,Unintentional Firearm
22,California,2003,68,35253159,0.19,Unintentional Firearm
23,California,2004,50,35574576,0.14,Unintentional Firearm
24,California,2005,146,35827943,0.41,Unintentional Firearm
25,California,2006,68,36021202,0.19,Unintentional Firearm
26,California,2007,43,36250311,0.12,Unintentional Firearm
27,California,2008,37,36604337,0.1,Unintentional Firearm
28,California,2009,31,36961229,0.08,Unintentional Firearm
29,California,2010,24,37253956,0.06,Unintentional Firearm
30,California,2011,26,37700034,0.07,Unintentional Firearm
31,California,2012,30,38056055,0.08,Unintentional Firearm
32,California,2013,35,38414128,0.09,Unintentional Firearm
33,California,2014,23,38792291,0.06,Unintentional Firearm
34,California,2015,29,39144818,0.07,Unintentional Firearm
35,Mississippi,1981,73,2539040,2.88,Unintentional Firearm
36,Mississippi,1982,72,2556760,2.82,Unintentional Firearm
37,Mississippi,1983,97,2567737,3.78,Unintentional Firearm
38,Mississippi,1984,68,2578065,2.64,Unintentional Firearm
39,Mississippi,1985,64,2588102,2.47,Unintentional Firearm
40,Mississippi,1986,45,2593607,1.74,Unintentional Firearm
41,Mississippi,1987,71,2588547,2.74,Unintentional Firearm
42,Mississippi,1988,46,2580363,1.78,Unintentional Firearm
43,Mississippi,1989,68,2574278,2.64,Unintentional Firearm
44,Mississippi,1990,53,2577426,2.06,Unintentional Firearm
45,Mississippi,1991,48,2598733,1.85,Unintentional Firearm
46,Mississippi,1992,46,2623734,1.75,Unintentional Firearm
47,Mississippi,1993,50,2655100,1.88,Unintentional Firearm
48,Mississippi,1994,44,2688992,1.64,Unintentional Firearm
49,Mississippi,1995,49,2722659,1.8,Unintentional Firearm
50,Mississippi,1996,39,2748085,1.42,Unintentional Firearm
51,Mississippi,1997,41,2777004,1.48,Unintentional Firearm
52,Mississippi,1998,18,2804834,0.64,Unintentional Firearm
53,Mississippi,1999,41,2828408,1.45,Unintentional Firearm
54,Mississippi,2000,26,2844658,0.91,Unintentional Firearm
55,Mississippi,2001,22,2852994,0.77,Unintentional Firearm
56,Mississippi,2002,21,2858681,0.73,Unintentional Firearm
57,Mississippi,2003,23,2868312,0.8,Unintentional Firearm
58,Mississippi,2004,18,2889010,0.62,Unintentional Firearm
59,Mississippi,2005,20,2905943,0.69,Unintentional Firearm
60,Mississippi,2006,20,2904978,0.69,Unintentional Firearm
61,Mississippi,2007,28,2928350,0.96,Unintentional Firearm
62,Mississippi,2008,22,2947806,0.75,Unintentional Firearm
63,Mississippi,2009,16,2958774,0.54,Unintentional Firearm
64,Mississippi,2010,23,2967297,0.76,Unintentional Firearm
65,Mississippi,2011,29,2977999,0.97,Unintentional Firearm
66,Mississippi,2012,12,2985660,0.4,Unintentional Firearm
67,Mississippi,2013,17,2990976,0.57,Unintentional Firearm
68,Mississippi,2014,17,2993443,0.57,Unintentional Firearm
69,Mississippi,2015,18,2992333,0.6,Unintentional Firearm
70,New York,1981,49,17567715,0.28,Unintentional Firearm
71,New York,1982,77,17589747,0.44,Unintentional Firearm
72,New York,1983,62,17686932,0.35,Unintentional Firearm
73,New York,1984,87,17745734,0.49,Unintentional Firearm
74,New York,1985,124,17791700,0.7,Unintentional Firearm
75,New York,1986,107,17833442,0.6,Unintentional Firearm
76,New York,1987,117,17868856,0.65,Unintentional Firearm
77,New York,1988,93,17941338,0.52,Unintentional Firearm
78,New York,1989,50,17983100,0.28,Unintentional Firearm
79,New York,1990,33,18002855,0.18,Unintentional Firearm
80,New York,1991,38,18122510,0.21,Unintentional Firearm
81,New York,1992,38,18246653,0.21,Unintentional Firearm
82,New York,1993,40,18374954,0.22,Unintentional Firearm
83,New York,1994,53,18459470,0.29,Unintentional Firearm
84,New York,1995,39,18524104,0.21,Unintentional Firearm
85,New York,1996,38,18588460,0.2,Unintentional Firearm
86,New York,1997,23,18656546,0.12,Unintentional Firearm
87,New York,1998,15,18755906,0.08,Unintentional Firearm
88,New York,1999,23,18882725,0.12,Unintentional Firearm
89,New York,2000,23,18976457,0.12,Unintentional Firearm
90,New York,2001,21,19082838,0.11,Unintentional Firearm
91,New York,2002,16,19137800,0.08,Unintentional Firearm
92,New York,2003,22,19175939,0.11,Unintentional Firearm
93,New York,2004,22,19171567,0.11,Unintentional Firearm
94,New York,2005,33,19132610,0.17,Unintentional Firearm
95,New York,2006,12,19104631,0.06,Unintentional Firearm
96,New York,2007,12,19132335,0.06,Unintentional Firearm
97,New York,2008,11,19212436,0.06,Unintentional Firearm
98,New York,2009,12,19307066,0.06,Unintentional Firearm
99,New York,2010,13,19378102,0.07,Unintentional Firearm
100,California,1981,3789,24286016,15.6,Violence-Related Firearm
101,California,1982,3596,24820028,14.49,Violence-Related Firearm
102,California,1983,3431,25360065,13.53,Violence-Related Firearm
103,California,1984,3578,25844407,13.84,Violence-Related Firearm
104,California,1985,3626,26441102,13.71,Violence-Related Firearm
105,California,1986,3955,27102159,14.59,Violence-Related Firearm
106,California,1987,3825,27777037,13.77,Violence-Related Firearm
107,California,1988,4009,28464180,14.08,Violence-Related Firearm
108,California,1989,4217,29218118,14.43,Violence-Related Firearm
109,California,1990,4684,29950111,15.64,Violence-Related Firearm
110,California,1991,4905,30470736,16.1,Violence-Related Firearm
111,California,1992,5086,30974659,16.42,Violence-Related Firearm
112,California,1993,5334,31274928,17.06,Violence-Related Firearm
113,California,1994,5011,31484435,15.92,Violence-Related Firearm
114,California,1995,4661,31696582,14.71,Violence-Related Firearm
115,California,1996,3912,32018834,12.22,Violence-Related Firearm
116,California,1997,3759,32486010,11.57,Violence-Related Firearm
117,California,1998,3330,32987675,10.09,Violence-Related Firearm
118,California,1999,2976,33499204,8.88,Violence-Related Firearm
119,California,2000,3032,33871648,8.95,Violence-Related Firearm
120,California,2001,3097,34479458,8.98,Violence-Related Firearm
121,California,2002,3350,34871843,9.61,Violence-Related Firearm
122,California,2003,3367,35253159,9.55,Violence-Related Firearm
123,California,2004,3250,35574576,9.14,Violence-Related Firearm
124,California,2005,3292,35827943,9.19,Violence-Related Firearm
125,California,2006,3289,36021202,9.13,Violence-Related Firearm
126,California,2007,3203,36250311,8.84,Violence-Related Firearm
127,California,2008,3117,36604337,8.52,Violence-Related Firearm
128,California,2009,3046,36961229,8.24,Violence-Related Firearm
129,California,2010,2898,37253956,7.78,Violence-Related Firearm
130,California,2011,2961,37700034,7.85,Violence-Related Firearm
131,California,2012,3023,38056055,7.94,Violence-Related Firearm
132,California,2013,2980,38414128,7.76,Violence-Related Firearm
133,California,2014,2904,38792291,7.49,Violence-Related Firearm
134,California,2015,3058,39144818,7.81,Violence-Related Firearm
135,Mississippi,1981,467,2539040,18.39,Violence-Related Firearm
136,Mississippi,1982,457,2556760,17.87,Violence-Related Firearm
137,Mississippi,1983,397,2567737,15.46,Violence-Related Firearm
138,Mississippi,1984,440,2578065,17.07,Violence-Related Firearm
139,Mississippi,1985,419,2588102,16.19,Violence-Related Firearm
140,Mississippi,1986,473,2593607,18.24,Violence-Related Firearm
141,Mississippi,1987,463,2588547,17.89,Violence-Related Firearm
142,Mississippi,1988,437,2580363,16.94,Violence-Related Firearm
143,Mississippi,1989,441,2574278,17.13,Violence-Related Firearm
144,Mississippi,1990,484,2577426,18.78,Violence-Related Firearm
145,Mississippi,1991,552,2598733,21.24,Violence-Related Firearm
146,Mississippi,1992,557,2623734,21.23,Violence-Related Firearm
147,Mississippi,1993,614,2655100,23.13,Violence-Related Firearm
148,Mississippi,1994,587,2688992,21.83,Violence-Related Firearm
149,Mississippi,1995,540,2722659,19.83,Violence-Related Firearm
150,Mississippi,1996,510,2748085,18.56,Violence-Related Firearm
151,Mississippi,1997,556,2777004,20.02,Violence-Related Firearm
152,Mississippi,1998,471,2804834,16.79,Violence-Related Firearm
153,Mississippi,1999,464,2828408,16.4,Violence-Related Firearm
154,Mississippi,2000,437,2844658,15.36,Violence-Related Firearm
155,Mississippi,2001,468,2852994,16.4,Violence-Related Firearm
156,Mississippi,2002,467,2858681,16.34,Violence-Related Firearm
157,Mississippi,2003,451,2868312,15.72,Violence-Related Firearm
158,Mississippi,2004,451,2889010,15.61,Violence-Related Firearm
159,Mississippi,2005,428,2905943,14.73,Violence-Related Firearm
160,Mississippi,2006,447,2904978,15.39,Violence-Related Firearm
161,Mississippi,2007,498,2928350,17.01,Violence-Related Firearm
162,Mississippi,2008,538,2947806,18.25,Violence-Related Firearm
163,Mississippi,2009,468,2958774,15.82,Violence-Related Firearm
164,Mississippi,2010,462,2967297,15.57,Violence-Related Firearm
165,Mississippi,2011,492,2977999,16.52,Violence-Related Firearm
166,Mississippi,2012,517,2985660,17.32,Violence-Related Firearm
167,Mississippi,2013,496,2990976,16.58,Violence-Related Firearm
168,Mississippi,2014,517,2993443,17.27,Violence-Related Firearm
169,Mississippi,2015,560,2992333,18.71,Violence-Related Firearm
170,New York,1981,1867,17567715,10.63,Violence-Related Firearm
171,New York,1982,1674,17589747,9.52,Violence-Related Firearm
172,New York,1983,1682,17686932,9.51,Violence-Related Firearm
173,New York,1984,1455,17745734,8.2,Violence-Related Firearm
174,New York,1985,1417,17791700,7.96,Violence-Related Firearm
175,New York,1986,1630,17833442,9.14,Violence-Related Firearm
176,New York,1987,1770,17868856,9.91,Violence-Related Firearm
177,New York,1988,2011,17941338,11.21,Violence-Related Firearm
178,New York,1989,2191,17983100,12.18,Violence-Related Firearm
179,New York,1990,2377,18002855,13.2,Violence-Related Firearm
180,New York,1991,2460,18122510,13.57,Violence-Related Firearm
181,New York,1992,2393,18246653,13.11,Violence-Related Firearm
182,New York,1993,2364,18374954,12.87,Violence-Related Firearm
183,New York,1994,2038,18459470,11.04,Violence-Related Firearm
184,New York,1995,1588,18524104,8.57,Violence-Related Firearm
185,New York,1996,1380,18588460,7.42,Violence-Related Firearm
186,New York,1997,1195,18656546,6.41,Violence-Related Firearm
187,New York,1998,1084,18755906,5.78,Violence-Related Firearm
188,New York,1999,987,18882725,5.23,Violence-Related Firearm
189,New York,2000,1064,18976457,5.61,Violence-Related Firearm
190,New York,2001,1045,19082838,5.48,Violence-Related Firearm
191,New York,2002,974,19137800,5.09,Violence-Related Firearm
192,New York,2003,1010,19175939,5.27,Violence-Related Firearm
193,New York,2004,926,19171567,4.83,Violence-Related Firearm
194,New York,2005,980,19132610,5.12,Violence-Related Firearm
195,New York,2006,988,19104631,5.17,Violence-Related Firearm
196,New York,2007,973,19132335,5.09,Violence-Related Firearm
197,New York,2008,945,19212436,4.92,Violence-Related Firearm
198,New York,2009,944,19307066,4.89,Violence-Related Firearm
199,New York,2010,994,19378102,5.13,Violence-Related Firearm
200,New York,2011,985,19523202,5.05,Violence-Related Firearm
201,New York,2012,971,19606981,4.95,Violence-Related Firearm
202,New York,2013,858,19691032,4.36,Violence-Related Firearm
203,New York,2014,859,19748858,4.35,Violence-Related Firearm
204,New York,2015,839,19795791,4.24,Violence-Related Firearm
205,California,1981,4010,24286016,16.51,Firearm
206,California,1982,3740,24820028,15.07,Firearm
207,California,1983,3583,25360065,14.13,Firearm
208,California,1984,3744,25844407,14.49,Firearm
209,California,1985,3831,26441102,14.49,Firearm
210,California,1986,4111,27102159,15.17,Firearm
211,California,1987,3995,27777037,14.38,Firearm
212,California,1988,4174,28464180,14.66,Firearm
213,California,1989,4434,29218118,15.18,Firearm
214,California,1990,4829,29950111,16.12,Firearm
215,California,1991,5064,30470736,16.62,Firearm
216,California,1992,5226,30974659,16.87,Firearm
217,California,1993,5500,31274928,17.59,Firearm
218,California,1994,5191,31484435,16.49,Firearm
219,California,1995,4805,31696582,15.16,Firearm
220,California,1996,4088,32018834,12.77,Firearm
221,California,1997,3863,32486010,11.89,Firearm
222,California,1998,3402,32987675,10.31,Firearm
223,California,1999,3054,33499204,9.12,Firearm
224,California,2000,3108,33871648,9.18,Firearm
225,California,2001,3200,34479458,9.28,Firearm
226,California,2002,3410,34871843,9.78,Firearm
227,California,2003,3468,35253159,9.84,Firearm
228,California,2004,3316,35574576,9.32,Firearm
229,California,2005,3453,35827943,9.64,Firearm
230,California,2006,3363,36021202,9.34,Firearm
231,California,2007,3268,36250311,9.02,Firearm
232,California,2008,3171,36604337,8.66,Firearm
233,California,2009,3094,36961229,8.37,Firearm
234,California,2010,2935,37253956,7.88,Firearm
235,California,2011,3004,37700034,7.97,Firearm
236,California,2012,3068,38056055,8.06,Firearm
237,California,2013,3026,38414128,7.88,Firearm
238,California,2014,2942,38792291,7.58,Firearm
239,California,2015,3095,39144818,7.91,Firearm
240,Mississippi,1981,558,2539040,21.98,Firearm
241,Mississippi,1982,547,2556760,21.39,Firearm
242,Mississippi,1983,511,2567737,19.9,Firearm
243,Mississippi,1984,521,2578065,20.21,Firearm
244,Mississippi,1985,507,2588102,19.59,Firearm
245,Mississippi,1986,540,2593607,20.82,Firearm
246,Mississippi,1987,542,2588547,20.94,Firearm
247,Mississippi,1988,487,2580363,18.87,Firearm
248,Mississippi,1989,515,2574278,20.01,Firearm
249,Mississippi,1990,544,2577426,21.11,Firearm
250,Mississippi,1991,614,2598733,23.63,Firearm
251,Mississippi,1992,609,2623734,23.21,Firearm
252,Mississippi,1993,668,2655100,25.16,Firearm
253,Mississippi,1994,647,2688992,24.06,Firearm
254,Mississippi,1995,604,2722659,22.18,Firearm
255,Mississippi,1996,561,2748085,20.41,Firearm
256,Mississippi,1997,606,2777004,21.82,Firearm
257,Mississippi,1998,495,2804834,17.65,Firearm
258,Mississippi,1999,515,2828408,18.21,Firearm
259,Mississippi,2000,471,2844658,16.56,Firearm
260,Mississippi,2001,502,2852994,17.6,Firearm
261,Mississippi,2002,492,2858681,17.21,Firearm
262,Mississippi,2003,477,2868312,16.63,Firearm
263,Mississippi,2004,471,2889010,16.3,Firearm
264,Mississippi,2005,455,2905943,15.66,Firearm
265,Mississippi,2006,475,2904978,16.35,Firearm
266,Mississippi,2007,535,2928350,18.27,Firearm
267,Mississippi,2008,568,2947806,19.27,Firearm
268,Mississippi,2009,487,2958774,16.46,Firearm
269,Mississippi,2010,475,2967297,16.01,Firearm
270,Mississippi,2011,530,2977999,17.8,Firearm
271,Mississippi,2012,535,2985660,17.92,Firearm
272,Mississippi,2013,525,2990976,17.55,Firearm
273,Mississippi,2014,547,2993443,18.27,Firearm
274,Mississippi,2015,589,2992333,19.68,Firearm
275,New York,1981,1950,17567715,11.1,Firearm
276,New York,1982,1773,17589747,10.08,Firearm
277,New York,1983,1778,17686932,10.05,Firearm
278,New York,1984,1576,17745734,8.88,Firearm
279,New York,1985,1571,17791700,8.83,Firearm
280,New York,1986,1771,17833442,9.93,Firearm
281,New York,1987,1908,17868856,10.68,Firearm
282,New York,1988,2131,17941338,11.88,Firearm
283,New York,1989,2257,17983100,12.55,Firearm
284,New York,1990,2418,18002855,13.43,Firearm
285,New York,1991,2515,18122510,13.88,Firearm
286,New York,1992,2446,18246653,13.41,Firearm
287,New York,1993,2422,18374954,13.18,Firearm
288,New York,1994,2100,18459470,11.38,Firearm
289,New York,1995,1638,18524104,8.84,Firearm
290,New York,1996,1428,18588460,7.68,Firearm
291,New York,1997,1234,18656546,6.61,Firearm
292,New York,1998,1109,18755906,5.91,Firearm
293,New York,1999,1016,18882725,5.38,Firearm
294,New York,2000,1093,18976457,5.76,Firearm
295,New York,2001,1068,19082838,5.6,Firearm
296,New York,2002,994,19137800,5.19,Firearm
297,New York,2003,1034,19175939,5.39,Firearm
298,New York,2004,951,19171567,4.96,Firearm
299,New York,2005,1019,19132610,5.33,Firearm
300,New York,2006,1002,19104631,5.24,Firearm
301,New York,2007,985,19132335,5.15,Firearm
302,New York,2008,963,19212436,5.01,Firearm
303,New York,2009,958,19307066,4.96,Firearm
304,New York,2010,1011,19378102,5.22,Firearm
305,New York,2011,997,19523202,5.11,Firearm
306,New York,2012,977,19606981,4.98,Firearm
307,New York,2013,863,19691032,4.38,Firearm
308,New York,2014,875,19748858,4.43,Firearm
309,New York,2015,849,19795791,4.29,Firearm
