"Sex","Race","State","Ethnicity","Age Group","First Year","Last Year","Cause of Death","Year","Deaths","Population","Crude Rate","Age-Adjusted Rate"
"Both Sexes","All Races","California","Both","All Ages","1999","2015","Firearm","1999","3054","33499204","9.12","9.26163048089463"
"Both Sexes","All Races","California","Both","All Ages","1999","2015","Firearm","2000","3108","33871648","9.18","9.27287638338706"
"Both Sexes","All Races","California","Both","All Ages","1999","2015","Firearm","2001","3200","34479458","9.28","9.31470425116544"
"Both Sexes","All Races","California","Both","All Ages","1999","2015","Firearm","2002","3410","34871843","9.78","9.75290953533039"
"Both Sexes","All Races","California","Both","All Ages","1999","2015","Firearm","2003","3468","35253159","9.84","9.77705518581469"
"Both Sexes","All Races","California","Both","All Ages","1999","2015","Firearm","2004","3316","35574576","9.32","9.24402418710804"
"Both Sexes","All Races","California","Both","All Ages","1999","2015","Firearm","2005","3453","35827943","9.64","9.51893476846682"
"Both Sexes","All Races","California","Both","All Ages","1999","2015","Firearm","2006","3363","36021202","9.34","9.14746564486866"
"Both Sexes","All Races","California","Both","All Ages","1999","2015","Firearm","2007","3268","36250311","9.02","8.84123738394964"
"Both Sexes","All Races","California","Both","All Ages","1999","2015","Firearm","2008","3171","36604337","8.66","8.49851820822531"
"Both Sexes","All Races","California","Both","All Ages","1999","2015","Firearm","2009","3094","36961229","8.37","8.16958068355062"
"Both Sexes","All Races","California","Both","All Ages","1999","2015","Firearm","2010","2935","37253956","7.88","7.70197511971435"
"Both Sexes","All Races","California","Both","All Ages","1999","2015","Firearm","2011","3004","37700034","7.97","7.75559556448362"
"Both Sexes","All Races","California","Both","All Ages","1999","2015","Firearm","2012","3068","38056055","8.06","7.88027251636275"
"Both Sexes","All Races","California","Both","All Ages","1999","2015","Firearm","2013","3026","38414128","7.88","7.65702039015447"
"Both Sexes","All Races","California","Both","All Ages","1999","2015","Firearm","2014","2942","38792291","7.58","7.35544411908867"
"Both Sexes","All Races","California","Both","All Ages","1999","2015","Firearm","2015","3095","39144818","7.91","7.65369828287619"
"Both Sexes","All Races","California","Both","All Ages","1999","2015","Firearm","","53975","618576192","8.73","."
"Both Sexes","All Races","Total","Both","All Ages","1999","2015","Firearm","","53975","618576192","8.73","."
