"Sex","Race","State","Ethnicity","Age Group","First Year","Last Year","Cause of Death","Year","Deaths","Population","Crude Rate","Age-Adjusted Rate"
"Both Sexes","All Races","California","Both","All Ages","1999","2015","Unintentional Firearm","1999","47","33499204","0.14","0.13690320160991"
"Both Sexes","All Races","California","Both","All Ages","1999","2015","Unintentional Firearm","2000","66","33871648","0.19","0.19203213309069"
"Both Sexes","All Races","California","Both","All Ages","1999","2015","Unintentional Firearm","2001","97","34479458","0.28","0.27962008198463"
"Both Sexes","All Races","California","Both","All Ages","1999","2015","Unintentional Firearm","2002","44","34871843","0.13","0.12287449138749"
"Both Sexes","All Races","California","Both","All Ages","1999","2015","Unintentional Firearm","2003","68","35253159","0.19","0.18876678596448"
"Both Sexes","All Races","California","Both","All Ages","1999","2015","Unintentional Firearm","2004","50","35574576","0.14","0.13727090448359"
"Both Sexes","All Races","California","Both","All Ages","1999","2015","Unintentional Firearm","2005","146","35827943","0.41","0.40128033120495"
"Both Sexes","All Races","California","Both","All Ages","1999","2015","Unintentional Firearm","2006","68","36021202","0.19","0.18135305421992"
"Both Sexes","All Races","California","Both","All Ages","1999","2015","Unintentional Firearm","2007","43","36250311","0.12","0.11361752507912"
"Both Sexes","All Races","California","Both","All Ages","1999","2015","Unintentional Firearm","2008","37","36604337","0.1","0.09895516212666"
"Both Sexes","All Races","California","Both","All Ages","1999","2015","Unintentional Firearm","2009","31","36961229","0.08","0.07971785197386"
"Both Sexes","All Races","California","Both","All Ages","1999","2015","Unintentional Firearm","2010","24","37253956","0.06","0.06394889941319"
"Both Sexes","All Races","California","Both","All Ages","1999","2015","Unintentional Firearm","2011","26","37700034","0.07","0.06947178555116"
"Both Sexes","All Races","California","Both","All Ages","1999","2015","Unintentional Firearm","2012","30","38056055","0.08","0.07605176317782"
"Both Sexes","All Races","California","Both","All Ages","1999","2015","Unintentional Firearm","2013","35","38414128","0.09","0.08657865396306"
"Both Sexes","All Races","California","Both","All Ages","1999","2015","Unintentional Firearm","2014","23","38792291","0.06","0.05886160339182"
"Both Sexes","All Races","California","Both","All Ages","1999","2015","Unintentional Firearm","2015","29","39144818","0.07","0.07062380000195"
"Both Sexes","All Races","California","Both","All Ages","1999","2015","Unintentional Firearm","","864","618576192","0.14","."
"Both Sexes","All Races","Total","Both","All Ages","1999","2015","Unintentional Firearm","","864","618576192","0.14","."
