"Sex","Race","State","Ethnicity","Age Group","First Year","Last Year","Cause of Death","Year","Deaths","Population","Crude Rate","Age-Adjusted Rate"
"Both Sexes","All Races","California","Both","All Ages","1981","1998","Violence-Related Firearm","1981","3789","24286016","15.6","15.0223979507201"
"Both Sexes","All Races","California","Both","All Ages","1981","1998","Violence-Related Firearm","1982","3596","24820028","14.49","13.9655387243285"
"Both Sexes","All Races","California","Both","All Ages","1981","1998","Violence-Related Firearm","1983","3431","25360065","13.53","13.1830449050209"
"Both Sexes","All Races","California","Both","All Ages","1981","1998","Violence-Related Firearm","1984","3578","25844407","13.84","13.4899885578081"
"Both Sexes","All Races","California","Both","All Ages","1981","1998","Violence-Related Firearm","1985","3626","26441102","13.71","13.3017344790724"
"Both Sexes","All Races","California","Both","All Ages","1981","1998","Violence-Related Firearm","1986","3955","27102159","14.59","14.0600194400818"
"Both Sexes","All Races","California","Both","All Ages","1981","1998","Violence-Related Firearm","1987","3825","27777037","13.77","13.3508347999068"
"Both Sexes","All Races","California","Both","All Ages","1981","1998","Violence-Related Firearm","1988","4009","28464180","14.08","13.7059412912087"
"Both Sexes","All Races","California","Both","All Ages","1981","1998","Violence-Related Firearm","1989","4217","29218118","14.43","13.9730685591072"
"Both Sexes","All Races","California","Both","All Ages","1981","1998","Violence-Related Firearm","1990","4684","29950111","15.64","15.1831531232266"
"Both Sexes","All Races","California","Both","All Ages","1981","1998","Violence-Related Firearm","1991","4905","30470736","16.1","15.8103078551776"
"Both Sexes","All Races","California","Both","All Ages","1981","1998","Violence-Related Firearm","1992","5086","30974659","16.42","16.28674941811"
"Both Sexes","All Races","California","Both","All Ages","1981","1998","Violence-Related Firearm","1993","5334","31274928","17.06","16.9686883221935"
"Both Sexes","All Races","California","Both","All Ages","1981","1998","Violence-Related Firearm","1994","5011","31484435","15.92","15.9105646539773"
"Both Sexes","All Races","California","Both","All Ages","1981","1998","Violence-Related Firearm","1995","4661","31696582","14.71","14.7822349588399"
"Both Sexes","All Races","California","Both","All Ages","1981","1998","Violence-Related Firearm","1996","3912","32018834","12.22","12.3973012127296"
"Both Sexes","All Races","California","Both","All Ages","1981","1998","Violence-Related Firearm","1997","3759","32486010","11.57","11.7306841444897"
"Both Sexes","All Races","California","Both","All Ages","1981","1998","Violence-Related Firearm","1998","3330","32987675","10.09","10.2764038069279"
"Both Sexes","All Races","California","Both","All Ages","1981","1998","Violence-Related Firearm","","74708","522657082","14.29","."
"Both Sexes","All Races","Total","Both","All Ages","1981","1998","Violence-Related Firearm","","74708","522657082","14.29","."
