"Sex","Race","State","Ethnicity","Age Group","First Year","Last Year","Cause of Death","Year","Deaths","Population","Crude Rate","Age-Adjusted Rate"
"Both Sexes","All Races","Mississippi","Both","All Ages","1999","2015","Firearm","1999","515","2828408","18.21","18.2326913655237"
"Both Sexes","All Races","Mississippi","Both","All Ages","1999","2015","Firearm","2000","471","2844658","16.56","16.5588737898182"
"Both Sexes","All Races","Mississippi","Both","All Ages","1999","2015","Firearm","2001","502","2852994","17.6","17.6426854814853"
"Both Sexes","All Races","Mississippi","Both","All Ages","1999","2015","Firearm","2002","492","2858681","17.21","17.3407513330031"
"Both Sexes","All Races","Mississippi","Both","All Ages","1999","2015","Firearm","2003","477","2868312","16.63","16.8070264813833"
"Both Sexes","All Races","Mississippi","Both","All Ages","1999","2015","Firearm","2004","471","2889010","16.3","16.4093620957246"
"Both Sexes","All Races","Mississippi","Both","All Ages","1999","2015","Firearm","2005","455","2905943","15.66","15.9773504930181"
"Both Sexes","All Races","Mississippi","Both","All Ages","1999","2015","Firearm","2006","475","2904978","16.35","16.5408558315988"
"Both Sexes","All Races","Mississippi","Both","All Ages","1999","2015","Firearm","2007","535","2928350","18.27","18.2839413914546"
"Both Sexes","All Races","Mississippi","Both","All Ages","1999","2015","Firearm","2008","568","2947806","19.27","19.249014035487"
"Both Sexes","All Races","Mississippi","Both","All Ages","1999","2015","Firearm","2009","487","2958774","16.46","16.6538546875529"
"Both Sexes","All Races","Mississippi","Both","All Ages","1999","2015","Firearm","2010","475","2967297","16.01","16.0529050484696"
"Both Sexes","All Races","Mississippi","Both","All Ages","1999","2015","Firearm","2011","530","2977999","17.8","17.9028112992898"
"Both Sexes","All Races","Mississippi","Both","All Ages","1999","2015","Firearm","2012","535","2985660","17.92","18.2869868672521"
"Both Sexes","All Races","Mississippi","Both","All Ages","1999","2015","Firearm","2013","525","2990976","17.55","17.6482507208292"
"Both Sexes","All Races","Mississippi","Both","All Ages","1999","2015","Firearm","2014","547","2993443","18.27","18.2873018047535"
"Both Sexes","All Races","Mississippi","Both","All Ages","1999","2015","Firearm","2015","589","2992333","19.68","19.470257789879"
"Both Sexes","All Races","Mississippi","Both","All Ages","1999","2015","Firearm","","8649","49695622","17.4","."
"Both Sexes","All Races","Total","Both","All Ages","1999","2015","Firearm","","8649","49695622","17.4","."
