"Sex","Race","State","Ethnicity","Age Group","First Year","Last Year","Cause of Death","Year","Deaths","Population","Crude Rate","Age-Adjusted Rate"
"Both Sexes","All Races","Mississippi","Both","All Ages","1981","1998","Firearm","1981","558","2539040","21.98","23.3920048542792"
"Both Sexes","All Races","Mississippi","Both","All Ages","1981","1998","Firearm","1982","547","2556760","21.39","23.1680279179829"
"Both Sexes","All Races","Mississippi","Both","All Ages","1981","1998","Firearm","1983","511","2567737","19.9","21.107634985303"
"Both Sexes","All Races","Mississippi","Both","All Ages","1981","1998","Firearm","1984","521","2578065","20.21","21.4031095336756"
"Both Sexes","All Races","Mississippi","Both","All Ages","1981","1998","Firearm","1985","507","2588102","19.59","20.7017065591797"
"Both Sexes","All Races","Mississippi","Both","All Ages","1981","1998","Firearm","1986","540","2593607","20.82","21.5938235368675"
"Both Sexes","All Races","Mississippi","Both","All Ages","1981","1998","Firearm","1987","542","2588547","20.94","21.6671993652972"
"Both Sexes","All Races","Mississippi","Both","All Ages","1981","1998","Firearm","1988","487","2580363","18.87","19.4850614898249"
"Both Sexes","All Races","Mississippi","Both","All Ages","1981","1998","Firearm","1989","515","2574278","20.01","20.7931583448483"
"Both Sexes","All Races","Mississippi","Both","All Ages","1981","1998","Firearm","1990","544","2577426","21.11","21.1669354337301"
"Both Sexes","All Races","Mississippi","Both","All Ages","1981","1998","Firearm","1991","614","2598733","23.63","23.5947288802991"
"Both Sexes","All Races","Mississippi","Both","All Ages","1981","1998","Firearm","1992","609","2623734","23.21","22.7274947631112"
"Both Sexes","All Races","Mississippi","Both","All Ages","1981","1998","Firearm","1993","668","2655100","25.16","24.8443354443202"
"Both Sexes","All Races","Mississippi","Both","All Ages","1981","1998","Firearm","1994","647","2688992","24.06","23.8109965156257"
"Both Sexes","All Races","Mississippi","Both","All Ages","1981","1998","Firearm","1995","604","2722659","22.18","21.964622552134"
"Both Sexes","All Races","Mississippi","Both","All Ages","1981","1998","Firearm","1996","561","2748085","20.41","20.3663735046681"
"Both Sexes","All Races","Mississippi","Both","All Ages","1981","1998","Firearm","1997","606","2777004","21.82","21.8746465962974"
"Both Sexes","All Races","Mississippi","Both","All Ages","1981","1998","Firearm","1998","495","2804834","17.65","17.7079840004102"
"Both Sexes","All Races","Mississippi","Both","All Ages","1981","1998","Firearm","","10076","47363066","21.27","."
"Both Sexes","All Races","Total","Both","All Ages","1981","1998","Firearm","","10076","47363066","21.27","."
