Sex,Race,State,Ethnicity,Age Group,First Year,Last Year,Cause of Death,Year,Deaths,Population,Crude Rate,Age-Adjusted Rate
Both Sexes,All Races,Mississippi,Both,All Ages,1999,2015,Unintentional Firearm,1999,41,2828408,1.45,1.42039626
Both Sexes,All Races,Mississippi,Both,All Ages,1999,2015,Unintentional Firearm,2000,26,2844658,0.91,0.890521618
Both Sexes,All Races,Mississippi,Both,All Ages,1999,2015,Unintentional Firearm,2001,22,2852994,0.77,0.756131426
Both Sexes,All Races,Mississippi,Both,All Ages,1999,2015,Unintentional Firearm,2002,21,2858681,0.73,0.723568373
Both Sexes,All Races,Mississippi,Both,All Ages,1999,2015,Unintentional Firearm,2003,23,2868312,0.8,0.781793723
Both Sexes,All Races,Mississippi,Both,All Ages,1999,2015,Unintentional Firearm,2004,18,2889010,0.62,0.638632695
Both Sexes,All Races,Mississippi,Both,All Ages,1999,2015,Unintentional Firearm,2005,20,2905943,0.69,0.69215674
Both Sexes,All Races,Mississippi,Both,All Ages,1999,2015,Unintentional Firearm,2006,20,2904978,0.69,0.671666413
Both Sexes,All Races,Mississippi,Both,All Ages,1999,2015,Unintentional Firearm,2007,28,2928350,0.96,0.911352034
Both Sexes,All Races,Mississippi,Both,All Ages,1999,2015,Unintentional Firearm,2008,22,2947806,0.75,0.718427425
Both Sexes,All Races,Mississippi,Both,All Ages,1999,2015,Unintentional Firearm,2009,16,2958774,0.54,0.539020053
Both Sexes,All Races,Mississippi,Both,All Ages,1999,2015,Unintentional Firearm,2010,23,2967297,0.76,.
Both Sexes,All Races,Mississippi,Both,All Ages,1999,2015,Unintentional Firearm,2011,29,2977999,0.97,0.979197877
Both Sexes,All Races,Mississippi,Both,All Ages,1999,2015,Unintentional Firearm,2012,12,2985660,0.4,0.370905462
Both Sexes,All Races,Mississippi,Both,All Ages,1999,2015,Unintentional Firearm,2013,17,2990976,0.57,0.588579606
Both Sexes,All Races,Mississippi,Both,All Ages,1999,2015,Unintentional Firearm,2014,17,2993443,0.57,0.534195654
Both Sexes,All Races,Mississippi,Both,All Ages,1999,2015,Unintentional Firearm,2015,18,2992333,0.6,0.58191213
Both Sexes,All Races,Mississippi,Both,All Ages,1999,2015,Unintentional Firearm,,S,49695622,.,.
Both Sexes,All Races,Total,Both,All Ages,1999,2015,Unintentional Firearm,,S,49695622,.,.
