"Sex","Race","State","Ethnicity","Age Group","First Year","Last Year","Cause of Death","Year","Deaths","Population","Crude Rate","Age-Adjusted Rate"
"Both Sexes","All Races","Mississippi","Both","All Ages","1999","2015","Violence-Related Firearm","1999","464","2828408","16.4","16.4821268414151"
"Both Sexes","All Races","Mississippi","Both","All Ages","1999","2015","Violence-Related Firearm","2000","437","2844658","15.36","15.3834181202839"
"Both Sexes","All Races","Mississippi","Both","All Ages","1999","2015","Violence-Related Firearm","2001","468","2852994","16.4","16.4660656802754"
"Both Sexes","All Races","Mississippi","Both","All Ages","1999","2015","Violence-Related Firearm","2002","467","2858681","16.34","16.4825746511535"
"Both Sexes","All Races","Mississippi","Both","All Ages","1999","2015","Violence-Related Firearm","2003","451","2868312","15.72","15.9103329844847"
"Both Sexes","All Races","Mississippi","Both","All Ages","1999","2015","Violence-Related Firearm","2004","451","2889010","15.61","15.6993270432575"
"Both Sexes","All Races","Mississippi","Both","All Ages","1999","2015","Violence-Related Firearm","2005","428","2905943","14.73","15.0267602325339"
"Both Sexes","All Races","Mississippi","Both","All Ages","1999","2015","Violence-Related Firearm","2006","447","2904978","15.39","15.6159692523644"
"Both Sexes","All Races","Mississippi","Both","All Ages","1999","2015","Violence-Related Firearm","2007","498","2928350","17.01","17.0836104940183"
"Both Sexes","All Races","Mississippi","Both","All Ages","1999","2015","Violence-Related Firearm","2008","538","2947806","18.25","18.2539343861285"
"Both Sexes","All Races","Mississippi","Both","All Ages","1999","2015","Violence-Related Firearm","2009","468","2958774","15.82","16.0166896718264"
"Both Sexes","All Races","Mississippi","Both","All Ages","1999","2015","Violence-Related Firearm","2010","462","2967297","15.57","15.6458955569918"
"Both Sexes","All Races","Mississippi","Both","All Ages","1999","2015","Violence-Related Firearm","2011","492","2977999","16.52","16.6290925734407"
"Both Sexes","All Races","Mississippi","Both","All Ages","1999","2015","Violence-Related Firearm","2012","517","2985660","17.32","17.6797303626218"
"Both Sexes","All Races","Mississippi","Both","All Ages","1999","2015","Violence-Related Firearm","2013","496","2990976","16.58","16.681901163691"
"Both Sexes","All Races","Mississippi","Both","All Ages","1999","2015","Violence-Related Firearm","2014","517","2993443","17.27","17.3444598469988"
"Both Sexes","All Races","Mississippi","Both","All Ages","1999","2015","Violence-Related Firearm","2015","560","2992333","18.71","18.5426033420628"
"Both Sexes","All Races","Mississippi","Both","All Ages","1999","2015","Violence-Related Firearm","","8161","49695622","16.42","."
"Both Sexes","All Races","Total","Both","All Ages","1999","2015","Violence-Related Firearm","","8161","49695622","16.42","."
