"Sex","Race","State","Ethnicity","Age Group","First Year","Last Year","Cause of Death","Year","Deaths","Population","Crude Rate","Age-Adjusted Rate"
"Both Sexes","All Races","Mississippi","Both","All Ages","1981","1998","Violence-Related Firearm","1981","467","2539040","18.39","19.8809785564908"
"Both Sexes","All Races","Mississippi","Both","All Ages","1981","1998","Violence-Related Firearm","1982","457","2556760","17.87","19.5507607933252"
"Both Sexes","All Races","Mississippi","Both","All Ages","1981","1998","Violence-Related Firearm","1983","397","2567737","15.46","16.479395342664"
"Both Sexes","All Races","Mississippi","Both","All Ages","1981","1998","Violence-Related Firearm","1984","440","2578065","17.07","18.3530235412909"
"Both Sexes","All Races","Mississippi","Both","All Ages","1981","1998","Violence-Related Firearm","1985","419","2588102","16.19","17.195429035752"
"Both Sexes","All Races","Mississippi","Both","All Ages","1981","1998","Violence-Related Firearm","1986","473","2593607","18.24","19.0786499290857"
"Both Sexes","All Races","Mississippi","Both","All Ages","1981","1998","Violence-Related Firearm","1987","463","2588547","17.89","18.7662134852096"
"Both Sexes","All Races","Mississippi","Both","All Ages","1981","1998","Violence-Related Firearm","1988","437","2580363","16.94","17.5518090250524"
"Both Sexes","All Races","Mississippi","Both","All Ages","1981","1998","Violence-Related Firearm","1989","441","2574278","17.13","17.9956218214158"
"Both Sexes","All Races","Mississippi","Both","All Ages","1981","1998","Violence-Related Firearm","1990","484","2577426","18.78","18.9134109186605"
"Both Sexes","All Races","Mississippi","Both","All Ages","1981","1998","Violence-Related Firearm","1991","552","2598733","21.24","21.3666444656159"
"Both Sexes","All Races","Mississippi","Both","All Ages","1981","1998","Violence-Related Firearm","1992","557","2623734","21.23","20.8953876956449"
"Both Sexes","All Races","Mississippi","Both","All Ages","1981","1998","Violence-Related Firearm","1993","614","2655100","23.13","22.949022632138"
"Both Sexes","All Races","Mississippi","Both","All Ages","1981","1998","Violence-Related Firearm","1994","587","2688992","21.83","21.680166754455"
"Both Sexes","All Races","Mississippi","Both","All Ages","1981","1998","Violence-Related Firearm","1995","540","2722659","19.83","19.7202057679612"
"Both Sexes","All Races","Mississippi","Both","All Ages","1981","1998","Violence-Related Firearm","1996","510","2748085","18.56","18.6054365098778"
"Both Sexes","All Races","Mississippi","Both","All Ages","1981","1998","Violence-Related Firearm","1997","556","2777004","20.02","20.1124169580548"
"Both Sexes","All Races","Mississippi","Both","All Ages","1981","1998","Violence-Related Firearm","1998","471","2804834","16.79","16.8741100267727"
"Both Sexes","All Races","Mississippi","Both","All Ages","1981","1998","Violence-Related Firearm","","8865","47363066","18.72","."
"Both Sexes","All Races","Total","Both","All Ages","1981","1998","Violence-Related Firearm","","8865","47363066","18.72","."
