"Sex","Race","State","Ethnicity","Age Group","First Year","Last Year","Cause of Death","Year","Deaths","Population","Crude Rate","Age-Adjusted Rate"
"Both Sexes","All Races","New York","Both","All Ages","1981","1998","Firearm","1981","1950","17567715","11.1","10.5755526792167"
"Both Sexes","All Races","New York","Both","All Ages","1981","1998","Firearm","1982","1773","17589747","10.08","9.51423400591691"
"Both Sexes","All Races","New York","Both","All Ages","1981","1998","Firearm","1983","1778","17686932","10.05","9.56603096457103"
"Both Sexes","All Races","New York","Both","All Ages","1981","1998","Firearm","1984","1576","17745734","8.88","8.30953104424329"
"Both Sexes","All Races","New York","Both","All Ages","1981","1998","Firearm","1985","1571","17791700","8.83","8.28637824336255"
"Both Sexes","All Races","New York","Both","All Ages","1981","1998","Firearm","1986","1771","17833442","9.93","9.17475734772484"
"Both Sexes","All Races","New York","Both","All Ages","1981","1998","Firearm","1987","1908","17868856","10.68","9.89911659799634"
"Both Sexes","All Races","New York","Both","All Ages","1981","1998","Firearm","1988","2131","17941338","11.88","10.9239891231022"
"Both Sexes","All Races","New York","Both","All Ages","1981","1998","Firearm","1989","2257","17983100","12.55","11.6294065310008"
"Both Sexes","All Races","New York","Both","All Ages","1981","1998","Firearm","1990","2418","18002855","13.43","12.5314587538847"
"Both Sexes","All Races","New York","Both","All Ages","1981","1998","Firearm","1991","2515","18122510","13.88","13.1134170611173"
"Both Sexes","All Races","New York","Both","All Ages","1981","1998","Firearm","1992","2446","18246653","13.41","12.7087748154084"
"Both Sexes","All Races","New York","Both","All Ages","1981","1998","Firearm","1993","2422","18374954","13.18","12.6183911490662"
"Both Sexes","All Races","New York","Both","All Ages","1981","1998","Firearm","1994","2100","18459470","11.38","11.0212876328866"
"Both Sexes","All Races","New York","Both","All Ages","1981","1998","Firearm","1995","1638","18524104","8.84","8.67735066204949"
"Both Sexes","All Races","New York","Both","All Ages","1981","1998","Firearm","1996","1428","18588460","7.68","7.57078550711883"
"Both Sexes","All Races","New York","Both","All Ages","1981","1998","Firearm","1997","1234","18656546","6.61","6.52575632651822"
"Both Sexes","All Races","New York","Both","All Ages","1981","1998","Firearm","1998","1109","18755906","5.91","5.84234356760398"
"Both Sexes","All Races","New York","Both","All Ages","1981","1998","Firearm","","34025","325740022","10.45","."
"Both Sexes","All Races","Total","Both","All Ages","1981","1998","Firearm","","34025","325740022","10.45","."
