"Sex","Race","State","Ethnicity","Age Group","First Year","Last Year","Cause of Death","Year","Deaths","Population","Crude Rate","Age-Adjusted Rate"
"Both Sexes","All Races","New York","Both","All Ages","1981","1998","Unintentional Firearm","1981","49","17567715","0.28","0.26920209698473"
"Both Sexes","All Races","New York","Both","All Ages","1981","1998","Unintentional Firearm","1982","77","17589747","0.44","0.39869505499518"
"Both Sexes","All Races","New York","Both","All Ages","1981","1998","Unintentional Firearm","1983","62","17686932","0.35","0.32982931633411"
"Both Sexes","All Races","New York","Both","All Ages","1981","1998","Unintentional Firearm","1984","87","17745734","0.49","0.44543995541122"
"Both Sexes","All Races","New York","Both","All Ages","1981","1998","Unintentional Firearm","1985","124","17791700","0.7","0.68270875503764"
"Both Sexes","All Races","New York","Both","All Ages","1981","1998","Unintentional Firearm","1986","107","17833442","0.6","0.59079776856886"
"Both Sexes","All Races","New York","Both","All Ages","1981","1998","Unintentional Firearm","1987","117","17868856","0.65","0.6360685883406"
"Both Sexes","All Races","New York","Both","All Ages","1981","1998","Unintentional Firearm","1988","93","17941338","0.52","0.50824762120739"
"Both Sexes","All Races","New York","Both","All Ages","1981","1998","Unintentional Firearm","1989","50","17983100","0.28","0.27499931546251"
"Both Sexes","All Races","New York","Both","All Ages","1981","1998","Unintentional Firearm","1990","33","18002855","0.18","0.1772236970839"
"Both Sexes","All Races","New York","Both","All Ages","1981","1998","Unintentional Firearm","1991","38","18122510","0.21","0.20440782544207"
"Both Sexes","All Races","New York","Both","All Ages","1981","1998","Unintentional Firearm","1992","38","18246653","0.21","0.20839971109635"
"Both Sexes","All Races","New York","Both","All Ages","1981","1998","Unintentional Firearm","1993","40","18374954","0.22","0.21250633684673"
"Both Sexes","All Races","New York","Both","All Ages","1981","1998","Unintentional Firearm","1994","53","18459470","0.29","0.28852342632997"
"Both Sexes","All Races","New York","Both","All Ages","1981","1998","Unintentional Firearm","1995","39","18524104","0.21","0.21250595116993"
"Both Sexes","All Races","New York","Both","All Ages","1981","1998","Unintentional Firearm","1996","38","18588460","0.2","0.20359921106887"
"Both Sexes","All Races","New York","Both","All Ages","1981","1998","Unintentional Firearm","1997","23","18656546","0.12","0.12445653256359"
"Both Sexes","All Races","New York","Both","All Ages","1981","1998","Unintentional Firearm","1998","15","18755906","0.08","0.07885882764389"
"Both Sexes","All Races","New York","Both","All Ages","1981","1998","Unintentional Firearm","","1083","325740022","0.33","."
"Both Sexes","All Races","Total","Both","All Ages","1981","1998","Unintentional Firearm","","1083","325740022","0.33","."
