Sex,Race,State,Ethnicity,Age Group,First Year,Last Year,Cause of Death,Year,Deaths,Population,Crude Rate,Age-Adjusted Rate
Both Sexes,All Races,New York,Both,All Ages,1999,2015,Unintentional Firearm,1999,23,18882725,0.12,0.123413472
Both Sexes,All Races,New York,Both,All Ages,1999,2015,Unintentional Firearm,2000,23,18976457,0.12,0.121687322
Both Sexes,All Races,New York,Both,All Ages,1999,2015,Unintentional Firearm,2001,21,19082838,0.11,0.110627507
Both Sexes,All Races,New York,Both,All Ages,1999,2015,Unintentional Firearm,2002,16,19137800,0.08,0.082561993
Both Sexes,All Races,New York,Both,All Ages,1999,2015,Unintentional Firearm,2003,22,19175939,0.11,0.113704901
Both Sexes,All Races,New York,Both,All Ages,1999,2015,Unintentional Firearm,2004,22,19171567,0.11,0.115515283
Both Sexes,All Races,New York,Both,All Ages,1999,2015,Unintentional Firearm,2005,33,19132610,0.17,0.166461838
Both Sexes,All Races,New York,Both,All Ages,1999,2015,Unintentional Firearm,2006,12,19104631,0.06,0.059241885
Both Sexes,All Races,New York,Both,All Ages,1999,2015,Unintentional Firearm,2007,12,19132335,0.06,.
Both Sexes,All Races,New York,Both,All Ages,1999,2015,Unintentional Firearm,2008,11,19212436,0.06,0.06061785
Both Sexes,All Races,New York,Both,All Ages,1999,2015,Unintentional Firearm,2009,12,19307066,0.06,0.05971037
Both Sexes,All Races,New York,Both,All Ages,1999,2015,Unintentional Firearm,2010,13,19378102,0.07,0.070142221
Both Sexes,All Races,New York,Both,All Ages,1999,2015,Unintentional Firearm,,245,328060370,0.07,.
Both Sexes,All Races,Total,Both,All Ages,1999,2015,Unintentional Firearm,,245,328060370,0.07,.
