"Sex","Race","State","Ethnicity","Age Group","First Year","Last Year","Cause of Death","Year","Deaths","Population","Crude Rate","Age-Adjusted Rate"
"Both Sexes","All Races","New York","Both","All Ages","1999","2015","Violence-Related Firearm","1999","987","18882725","5.23","5.16787412329788"
"Both Sexes","All Races","New York","Both","All Ages","1999","2015","Violence-Related Firearm","2000","1064","18976457","5.61","5.54347037118934"
"Both Sexes","All Races","New York","Both","All Ages","1999","2015","Violence-Related Firearm","2001","1045","19082838","5.48","5.4194927616839"
"Both Sexes","All Races","New York","Both","All Ages","1999","2015","Violence-Related Firearm","2002","974","19137800","5.09","5.02534087563242"
"Both Sexes","All Races","New York","Both","All Ages","1999","2015","Violence-Related Firearm","2003","1010","19175939","5.27","5.19614107429583"
"Both Sexes","All Races","New York","Both","All Ages","1999","2015","Violence-Related Firearm","2004","926","19171567","4.83","4.74470545415907"
"Both Sexes","All Races","New York","Both","All Ages","1999","2015","Violence-Related Firearm","2005","980","19132610","5.12","5.01393778748488"
"Both Sexes","All Races","New York","Both","All Ages","1999","2015","Violence-Related Firearm","2006","988","19104631","5.17","5.07378663621362"
"Both Sexes","All Races","New York","Both","All Ages","1999","2015","Violence-Related Firearm","2007","973","19132335","5.09","4.98215193163316"
"Both Sexes","All Races","New York","Both","All Ages","1999","2015","Violence-Related Firearm","2008","945","19212436","4.92","4.80447280086367"
"Both Sexes","All Races","New York","Both","All Ages","1999","2015","Violence-Related Firearm","2009","944","19307066","4.89","4.71697491148638"
"Both Sexes","All Races","New York","Both","All Ages","1999","2015","Violence-Related Firearm","2010","994","19378102","5.13","4.98025626096498"
"Both Sexes","All Races","New York","Both","All Ages","1999","2015","Violence-Related Firearm","2011","985","19523202","5.05","4.85207886629213"
"Both Sexes","All Races","New York","Both","All Ages","1999","2015","Violence-Related Firearm","2012","971","19606981","4.95","4.75238753230243"
"Both Sexes","All Races","New York","Both","All Ages","1999","2015","Violence-Related Firearm","2013","858","19691032","4.36","4.14321961992236"
"Both Sexes","All Races","New York","Both","All Ages","1999","2015","Violence-Related Firearm","2014","859","19748858","4.35","4.12141585997995"
"Both Sexes","All Races","New York","Both","All Ages","1999","2015","Violence-Related Firearm","2015","839","19795791","4.24","4.0703693548995"
"Both Sexes","All Races","New York","Both","All Ages","1999","2015","Violence-Related Firearm","","16342","328060370","4.98","."
"Both Sexes","All Races","Total","Both","All Ages","1999","2015","Violence-Related Firearm","","16342","328060370","4.98","."
