"Sex","Race","State","Ethnicity","Age Group","First Year","Last Year","Cause of Death","Year","Deaths","Population","Crude Rate","Age-Adjusted Rate"
"Both Sexes","All Races","New York","Both","All Ages","1981","1998","Violence-Related Firearm","1981","1867","17567715","10.63","10.1255973179902"
"Both Sexes","All Races","New York","Both","All Ages","1981","1998","Violence-Related Firearm","1982","1674","17589747","9.52","9.00137841311679"
"Both Sexes","All Races","New York","Both","All Ages","1981","1998","Violence-Related Firearm","1983","1682","17686932","9.51","9.04725686935916"
"Both Sexes","All Races","New York","Both","All Ages","1981","1998","Violence-Related Firearm","1984","1455","17745734","8.2","7.69146001437199"
"Both Sexes","All Races","New York","Both","All Ages","1981","1998","Violence-Related Firearm","1985","1417","17791700","7.96","7.44640115106987"
"Both Sexes","All Races","New York","Both","All Ages","1981","1998","Violence-Related Firearm","1986","1630","17833442","9.14","8.38856349987283"
"Both Sexes","All Races","New York","Both","All Ages","1981","1998","Violence-Related Firearm","1987","1770","17868856","9.91","9.15444940726769"
"Both Sexes","All Races","New York","Both","All Ages","1981","1998","Violence-Related Firearm","1988","2011","17941338","11.21","10.2789740196424"
"Both Sexes","All Races","New York","Both","All Ages","1981","1998","Violence-Related Firearm","1989","2191","17983100","12.18","11.2688286796976"
"Both Sexes","All Races","New York","Both","All Ages","1981","1998","Violence-Related Firearm","1990","2377","18002855","13.2","12.3128722442489"
"Both Sexes","All Races","New York","Both","All Ages","1981","1998","Violence-Related Firearm","1991","2460","18122510","13.57","12.8162975691625"
"Both Sexes","All Races","New York","Both","All Ages","1981","1998","Violence-Related Firearm","1992","2393","18246653","13.11","12.4211713954604"
"Both Sexes","All Races","New York","Both","All Ages","1981","1998","Violence-Related Firearm","1993","2364","18374954","12.87","12.308333080429"
"Both Sexes","All Races","New York","Both","All Ages","1981","1998","Violence-Related Firearm","1994","2038","18459470","11.04","10.6861649466689"
"Both Sexes","All Races","New York","Both","All Ages","1981","1998","Violence-Related Firearm","1995","1588","18524104","8.57","8.40515425841727"
"Both Sexes","All Races","New York","Both","All Ages","1981","1998","Violence-Related Firearm","1996","1380","18588460","7.42","7.31331460493826"
"Both Sexes","All Races","New York","Both","All Ages","1981","1998","Violence-Related Firearm","1997","1195","18656546","6.41","6.31766114650529"
"Both Sexes","All Races","New York","Both","All Ages","1981","1998","Violence-Related Firearm","1998","1084","18755906","5.78","5.70984184463035"
"Both Sexes","All Races","New York","Both","All Ages","1981","1998","Violence-Related Firearm","","32576","325740022","10","."
"Both Sexes","All Races","Total","Both","All Ages","1981","1998","Violence-Related Firearm","","32576","325740022","10","."
