"Sex","Race","State","Ethnicity","Age Group","First Year","Last Year","Cause of Death","Year","Deaths","Population","Crude Rate","Age-Adjusted Rate"
"Both Sexes","All Races","California","Both","All Ages","1981","1998","Firearm","1981","4010","24286016","16.51","15.8492620188596"
"Both Sexes","All Races","California","Both","All Ages","1981","1998","Firearm","1982","3740","24820028","15.07","14.4834273222342"
"Both Sexes","All Races","California","Both","All Ages","1981","1998","Firearm","1983","3583","25360065","14.13","13.7221704495452"
"Both Sexes","All Races","California","Both","All Ages","1981","1998","Firearm","1984","3744","25844407","14.49","14.0734358214368"
"Both Sexes","All Races","California","Both","All Ages","1981","1998","Firearm","1985","3831","26441102","14.49","13.9976634520049"
"Both Sexes","All Races","California","Both","All Ages","1981","1998","Firearm","1986","4111","27102159","15.17","14.5794713686818"
"Both Sexes","All Races","California","Both","All Ages","1981","1998","Firearm","1987","3995","27777037","14.38","13.9057800122503"
"Both Sexes","All Races","California","Both","All Ages","1981","1998","Firearm","1988","4174","28464180","14.66","14.2531955352904"
"Both Sexes","All Races","California","Both","All Ages","1981","1998","Firearm","1989","4434","29218118","15.18","14.6788605128404"
"Both Sexes","All Races","California","Both","All Ages","1981","1998","Firearm","1990","4829","29950111","16.12","15.6301911061962"
"Both Sexes","All Races","California","Both","All Ages","1981","1998","Firearm","1991","5064","30470736","16.62","16.3085245406787"
"Both Sexes","All Races","California","Both","All Ages","1981","1998","Firearm","1992","5226","30974659","16.87","16.7218228661721"
"Both Sexes","All Races","California","Both","All Ages","1981","1998","Firearm","1993","5500","31274928","17.59","17.4831372015114"
"Both Sexes","All Races","California","Both","All Ages","1981","1998","Firearm","1994","5191","31484435","16.49","16.4820432883541"
"Both Sexes","All Races","California","Both","All Ages","1981","1998","Firearm","1995","4805","31696582","15.16","15.2255782170354"
"Both Sexes","All Races","California","Both","All Ages","1981","1998","Firearm","1996","4088","32018834","12.77","12.9516050751885"
"Both Sexes","All Races","California","Both","All Ages","1981","1998","Firearm","1997","3863","32486010","11.89","12.0526202220349"
"Both Sexes","All Races","California","Both","All Ages","1981","1998","Firearm","1998","3402","32987675","10.31","10.4926096533906"
"Both Sexes","All Races","California","Both","All Ages","1981","1998","Firearm","","77590","522657082","14.85","."
"Both Sexes","All Races","Total","Both","All Ages","1981","1998","Firearm","","77590","522657082","14.85","."
