"Sex","Race","State","Ethnicity","Age Group","First Year","Last Year","Cause of Death","Year","Deaths","Population","Crude Rate","Age-Adjusted Rate"
"Both Sexes","All Races","California","Both","All Ages","1999","2015","Violence-Related Firearm","1999","2976","33499204","8.88","9.03234048175848"
"Both Sexes","All Races","California","Both","All Ages","1999","2015","Violence-Related Firearm","2000","3032","33871648","8.95","9.05333588790646"
"Both Sexes","All Races","California","Both","All Ages","1999","2015","Violence-Related Firearm","2001","3097","34479458","8.98","9.01720061933471"
"Both Sexes","All Races","California","Both","All Ages","1999","2015","Violence-Related Firearm","2002","3350","34871843","9.61","9.58426010815196"
"Both Sexes","All Races","California","Both","All Ages","1999","2015","Violence-Related Firearm","2003","3367","35253159","9.55","9.49560426278193"
"Both Sexes","All Races","California","Both","All Ages","1999","2015","Violence-Related Firearm","2004","3250","35574576","9.14","9.06474152357036"
"Both Sexes","All Races","California","Both","All Ages","1999","2015","Violence-Related Firearm","2005","3292","35827943","9.19","9.07833798287036"
"Both Sexes","All Races","California","Both","All Ages","1999","2015","Violence-Related Firearm","2006","3289","36021202","9.13","8.95033077990342"
"Both Sexes","All Races","California","Both","All Ages","1999","2015","Violence-Related Firearm","2007","3203","36250311","8.84","8.66780667477515"
"Both Sexes","All Races","California","Both","All Ages","1999","2015","Violence-Related Firearm","2008","3117","36604337","8.52","8.35478185225344"
"Both Sexes","All Races","California","Both","All Ages","1999","2015","Violence-Related Firearm","2009","3046","36961229","8.24","8.04564808137988"
"Both Sexes","All Races","California","Both","All Ages","1999","2015","Violence-Related Firearm","2010","2898","37253956","7.78","7.60558387989112"
"Both Sexes","All Races","California","Both","All Ages","1999","2015","Violence-Related Firearm","2011","2961","37700034","7.85","7.64236267397229"
"Both Sexes","All Races","California","Both","All Ages","1999","2015","Violence-Related Firearm","2012","3023","38056055","7.94","7.76729816823664"
"Both Sexes","All Races","California","Both","All Ages","1999","2015","Violence-Related Firearm","2013","2980","38414128","7.76","7.54323485256871"
"Both Sexes","All Races","California","Both","All Ages","1999","2015","Violence-Related Firearm","2014","2904","38792291","7.49","7.25844690123048"
"Both Sexes","All Races","California","Both","All Ages","1999","2015","Violence-Related Firearm","2015","3058","39144818","7.81","7.56570071635194"
"Both Sexes","All Races","California","Both","All Ages","1999","2015","Violence-Related Firearm","","52843","618576192","8.54","."
"Both Sexes","All Races","Total","Both","All Ages","1999","2015","Violence-Related Firearm","","52843","618576192","8.54","."
