"Sex","Race","State","Ethnicity","Age Group","First Year","Last Year","Cause of Death","Year","Deaths","Population","Crude Rate","Age-Adjusted Rate"
"Both Sexes","All Races","Mississippi","Both","All Ages","1981","1998","Unintentional Firearm","1981","73","2539040","2.88","2.7570425608318"
"Both Sexes","All Races","Mississippi","Both","All Ages","1981","1998","Unintentional Firearm","1982","72","2556760","2.82","2.90417038556613"
"Both Sexes","All Races","Mississippi","Both","All Ages","1981","1998","Unintentional Firearm","1983","97","2567737","3.78","4.01386702353315"
"Both Sexes","All Races","Mississippi","Both","All Ages","1981","1998","Unintentional Firearm","1984","68","2578065","2.64","2.56097600225861"
"Both Sexes","All Races","Mississippi","Both","All Ages","1981","1998","Unintentional Firearm","1985","64","2588102","2.47","2.52187038126282"
"Both Sexes","All Races","Mississippi","Both","All Ages","1981","1998","Unintentional Firearm","1986","45","2593607","1.74","1.65424068905433"
"Both Sexes","All Races","Mississippi","Both","All Ages","1981","1998","Unintentional Firearm","1987","71","2588547","2.74","2.60960455341486"
"Both Sexes","All Races","Mississippi","Both","All Ages","1981","1998","Unintentional Firearm","1988","46","2580363","1.78","1.78241569175351"
"Both Sexes","All Races","Mississippi","Both","All Ages","1981","1998","Unintentional Firearm","1989","68","2574278","2.64","2.51963386080408"
"Both Sexes","All Races","Mississippi","Both","All Ages","1981","1998","Unintentional Firearm","1990","53","2577426","2.06","1.98168925027726"
"Both Sexes","All Races","Mississippi","Both","All Ages","1981","1998","Unintentional Firearm","1991","48","2598733","1.85","1.69448757408235"
"Both Sexes","All Races","Mississippi","Both","All Ages","1981","1998","Unintentional Firearm","1992","46","2623734","1.75","1.59752518156838"
"Both Sexes","All Races","Mississippi","Both","All Ages","1981","1998","Unintentional Firearm","1993","50","2655100","1.88","1.74303587867677"
"Both Sexes","All Races","Mississippi","Both","All Ages","1981","1998","Unintentional Firearm","1994","44","2688992","1.64","1.54418994157176"
"Both Sexes","All Races","Mississippi","Both","All Ages","1981","1998","Unintentional Firearm","1995","49","2722659","1.8","1.74831141104278"
"Both Sexes","All Races","Mississippi","Both","All Ages","1981","1998","Unintentional Firearm","1996","39","2748085","1.42","1.35796570376102"
"Both Sexes","All Races","Mississippi","Both","All Ages","1981","1998","Unintentional Firearm","1997","41","2777004","1.48","1.43964303347648"
"Both Sexes","All Races","Mississippi","Both","All Ages","1981","1998","Unintentional Firearm","1998","18","2804834","0.64","0.61604960716673"
"Both Sexes","All Races","Mississippi","Both","All Ages","1981","1998","Unintentional Firearm","","992","47363066","2.09","."
"Both Sexes","All Races","Total","Both","All Ages","1981","1998","Unintentional Firearm","","992","47363066","2.09","."
