"Sex","Race","State","Ethnicity","Age Group","First Year","Last Year","Cause of Death","Year","Deaths","Population","Crude Rate","Age-Adjusted Rate"
"Both Sexes","All Races","New York","Both","All Ages","1999","2015","Firearm","1999","1016","18882725","5.38","5.32196452279875"
"Both Sexes","All Races","New York","Both","All Ages","1999","2015","Firearm","2000","1093","18976457","5.76","5.69688490787243"
"Both Sexes","All Races","New York","Both","All Ages","1999","2015","Firearm","2001","1068","19082838","5.6","5.54030413555139"
"Both Sexes","All Races","New York","Both","All Ages","1999","2015","Firearm","2002","994","19137800","5.19","5.12886267422386"
"Both Sexes","All Races","New York","Both","All Ages","1999","2015","Firearm","2003","1034","19175939","5.39","5.32001231475857"
"Both Sexes","All Races","New York","Both","All Ages","1999","2015","Firearm","2004","951","19171567","4.96","4.8766846792535"
"Both Sexes","All Races","New York","Both","All Ages","1999","2015","Firearm","2005","1019","19132610","5.33","5.21241245785719"
"Both Sexes","All Races","New York","Both","All Ages","1999","2015","Firearm","2006","1002","19104631","5.24","5.14193264714608"
"Both Sexes","All Races","New York","Both","All Ages","1999","2015","Firearm","2007","985","19132335","5.15","5.04301047359911"
"Both Sexes","All Races","New York","Both","All Ages","1999","2015","Firearm","2008","963","19212436","5.01","4.90199022051801"
"Both Sexes","All Races","New York","Both","All Ages","1999","2015","Firearm","2009","958","19307066","4.96","4.78736253276789"
"Both Sexes","All Races","New York","Both","All Ages","1999","2015","Firearm","2010","1011","19378102","5.22","5.07069561250831"
"Both Sexes","All Races","New York","Both","All Ages","1999","2015","Firearm","2011","997","19523202","5.11","4.9135871802684"
"Both Sexes","All Races","New York","Both","All Ages","1999","2015","Firearm","2012","977","19606981","4.98","4.7851175762876"
"Both Sexes","All Races","New York","Both","All Ages","1999","2015","Firearm","2013","863","19691032","4.38","4.16524468141937"
"Both Sexes","All Races","New York","Both","All Ages","1999","2015","Firearm","2014","875","19748858","4.43","4.19542340666204"
"Both Sexes","All Races","New York","Both","All Ages","1999","2015","Firearm","2015","849","19795791","4.29","4.12070525140689"
"Both Sexes","All Races","New York","Both","All Ages","1999","2015","Firearm","","16655","328060370","5.08","."
"Both Sexes","All Races","Total","Both","All Ages","1999","2015","Firearm","","16655","328060370","5.08","."
