"Sex","Race","State","Ethnicity","Age Group","First Year","Last Year","Cause of Death","Year","Deaths","Population","Crude Rate","Age-Adjusted Rate"
"Both Sexes","All Races","United States","Both","All Ages","1999","2015","Firearm","1999","28874","279040181","10.35","10.3014639041262"
"Both Sexes","All Races","United States","Both","All Ages","1999","2015","Firearm","2000","28663","281421906","10.19","10.1408053922765"
"Both Sexes","All Races","United States","Both","All Ages","1999","2015","Firearm","2001","29573","284968955","10.38","10.3099609822297"
"Both Sexes","All Races","United States","Both","All Ages","1999","2015","Firearm","2002","30242","287625193","10.51","10.4349763587785"
"Both Sexes","All Races","United States","Both","All Ages","1999","2015","Firearm","2003","30136","290107933","10.39","10.2882965221003"
"Both Sexes","All Races","United States","Both","All Ages","1999","2015","Firearm","2004","29569","292805298","10.1","9.99149057136987"
"Both Sexes","All Races","United States","Both","All Ages","1999","2015","Firearm","2005","30694","295516599","10.39","10.2728445693578"
"Both Sexes","All Races","United States","Both","All Ages","1999","2015","Firearm","2006","30896","298379912","10.35","10.2212447989244"
"Both Sexes","All Races","United States","Both","All Ages","1999","2015","Firearm","2007","31224","301231207","10.37","10.2377863536084"
"Both Sexes","All Races","United States","Both","All Ages","1999","2015","Firearm","2008","31593","304093966","10.39","10.2317483827028"
"Both Sexes","All Races","United States","Both","All Ages","1999","2015","Firearm","2009","31347","306771529","10.22","10.0492903471947"
"Both Sexes","All Races","United States","Both","All Ages","1999","2015","Firearm","2010","31672","308745538","10.26","10.0708860793745"
"Both Sexes","All Races","United States","Both","All Ages","1999","2015","Firearm","2011","32351","311718857","10.38","10.1590104745616"
"Both Sexes","All Races","United States","Both","All Ages","1999","2015","Firearm","2012","33563","314102623","10.69","10.4428825733437"
"Both Sexes","All Races","United States","Both","All Ages","1999","2015","Firearm","2013","33636","316427395","10.63","10.3675091466603"
"Both Sexes","All Races","United States","Both","All Ages","1999","2015","Firearm","2014","33599","318907401","10.54","10.2511714988142"
"Both Sexes","All Races","United States","Both","All Ages","1999","2015","Firearm","2015","36252","321418820","11.28","11.0058828949867"
"Both Sexes","All Races","United States","Both","All Ages","1999","2015","Firearm","X","533884","5113283313","10.44","."
