"Sex","Race","State","Ethnicity","Age Group","First Year","Last Year","Cause of Death","Year","Deaths","Population","Crude Rate","Age-Adjusted Rate"
"Both Sexes","All Races","United States","Both","All Ages","1981","1998","Firearm","1981","34050","229465316","14.84","14.6423445445697"
"Both Sexes","All Races","United States","Both","All Ages","1981","1998","Firearm","1982","32957","231664211","14.23","14.0525004741347"
"Both Sexes","All Races","United States","Both","All Ages","1981","1998","Firearm","1983","31099","233792237","13.3","13.1190545932327"
"Both Sexes","All Races","United States","Both","All Ages","1981","1998","Firearm","1984","31331","235825040","13.29","13.067478366358"
"Both Sexes","All Races","United States","Both","All Ages","1981","1998","Firearm","1985","31566","237924038","13.27","13.0250814799009"
"Both Sexes","All Races","United States","Both","All Ages","1981","1998","Firearm","1986","33373","240133048","13.9","13.5494461749482"
"Both Sexes","All Races","United States","Both","All Ages","1981","1998","Firearm","1987","32895","242289046","13.58","13.2428289065562"
"Both Sexes","All Races","United States","Both","All Ages","1981","1998","Firearm","1988","33989","244499040","13.9","13.5062344611864"
"Both Sexes","All Races","United States","Both","All Ages","1981","1998","Firearm","1989","34776","246819195","14.09","13.7224534143528"
"Both Sexes","All Races","United States","Both","All Ages","1981","1998","Firearm","1990","37155","249464396","14.89","14.5105445628658"
"Both Sexes","All Races","United States","Both","All Ages","1981","1998","Firearm","1991","38317","252980942","15.15","14.8193965966498"
"Both Sexes","All Races","United States","Both","All Ages","1981","1998","Firearm","1992","37776","256514231","14.73","14.4593599436872"
"Both Sexes","All Races","United States","Both","All Ages","1981","1998","Firearm","1993","39595","259918595","15.23","15.0027425691157"
"Both Sexes","All Races","United States","Both","All Ages","1981","1998","Firearm","1994","38505","263125826","14.63","14.4522944025288"
"Both Sexes","All Races","United States","Both","All Ages","1981","1998","Firearm","1995","35957","266278403","13.5","13.3845919004116"
"Both Sexes","All Races","United States","Both","All Ages","1981","1998","Firearm","1996","34040","269394291","12.64","12.573011154408"
"Both Sexes","All Races","United States","Both","All Ages","1981","1998","Firearm","1997","32436","272646932","11.9","11.8376709741735"
"Both Sexes","All Races","United States","Both","All Ages","1981","1998","Firearm","1998","30708","275854116","11.13","11.0853350338162"
"Both Sexes","All Races","United States","Both","All Ages","1981","1998","Firearm","X","620525","4508588903","13.76","."
