"Sex","Race","State","Ethnicity","Age Group","First Year","Last Year","Cause of Death","Year","Deaths","Population","Crude Rate","Age-Adjusted Rate"
"Both Sexes","All Races","United States","Both","All Ages","1999","2015","Unintentional Firearm","1999","824","279040181","0.3","0.29434956835069"
"Both Sexes","All Races","United States","Both","All Ages","1999","2015","Unintentional Firearm","2000","776","281421906","0.28","0.27497795461327"
"Both Sexes","All Races","United States","Both","All Ages","1999","2015","Unintentional Firearm","2001","802","284968955","0.28","0.2797507596011"
"Both Sexes","All Races","United States","Both","All Ages","1999","2015","Unintentional Firearm","2002","762","287625193","0.26","0.26324152769688"
"Both Sexes","All Races","United States","Both","All Ages","1999","2015","Unintentional Firearm","2003","730","290107933","0.25","0.24963129715545"
"Both Sexes","All Races","United States","Both","All Ages","1999","2015","Unintentional Firearm","2004","649","292805298","0.22","0.22019474616816"
"Both Sexes","All Races","United States","Both","All Ages","1999","2015","Unintentional Firearm","2005","789","295516599","0.27","0.26501199118053"
"Both Sexes","All Races","United States","Both","All Ages","1999","2015","Unintentional Firearm","2006","642","298379912","0.22","0.21265112614094"
"Both Sexes","All Races","United States","Both","All Ages","1999","2015","Unintentional Firearm","2007","613","301231207","0.2","0.20165008111687"
"Both Sexes","All Races","United States","Both","All Ages","1999","2015","Unintentional Firearm","2008","592","304093966","0.19","0.1921726758671"
"Both Sexes","All Races","United States","Both","All Ages","1999","2015","Unintentional Firearm","2009","554","306771529","0.18","0.17927336868418"
"Both Sexes","All Races","United States","Both","All Ages","1999","2015","Unintentional Firearm","2010","606","308745538","0.2","0.19693395250448"
"Both Sexes","All Races","United States","Both","All Ages","1999","2015","Unintentional Firearm","2011","591","311718857","0.19","0.18813910000697"
"Both Sexes","All Races","United States","Both","All Ages","1999","2015","Unintentional Firearm","2012","548","314102623","0.17","0.17144491732889"
"Both Sexes","All Races","United States","Both","All Ages","1999","2015","Unintentional Firearm","2013","505","316427395","0.16","0.15748376627169"
"Both Sexes","All Races","United States","Both","All Ages","1999","2015","Unintentional Firearm","2014","586","318907401","0.18","0.18117929608425"
"Both Sexes","All Races","United States","Both","All Ages","1999","2015","Unintentional Firearm","2015","489","321418820","0.15","0.15057169184422"
"Both Sexes","All Races","United States","Both","All Ages","1999","2015","Unintentional Firearm","X","11058","5113283313","0.22","."
