"Sex","Race","State","Ethnicity","Age Group","First Year","Last Year","Cause of Death","Year","Deaths","Population","Crude Rate","Age-Adjusted Rate"
"Both Sexes","All Races","United States","Both","All Ages","1999","2015","Violence-Related Firearm","1999","27726","279040181","9.94","9.8914145417816"
"Both Sexes","All Races","United States","Both","All Ages","1999","2015","Violence-Related Firearm","2000","27657","281421906","9.83","9.78509708350763"
"Both Sexes","All Races","United States","Both","All Ages","1999","2015","Violence-Related Firearm","2001","28540","284968955","10.02","9.94964815376955"
"Both Sexes","All Races","United States","Both","All Ages","1999","2015","Violence-Related Firearm","2002","29237","287625193","10.16","10.0875859336841"
"Both Sexes","All Races","United States","Both","All Ages","1999","2015","Violence-Related Firearm","2003","29174","290107933","10.06","9.95945814728968"
"Both Sexes","All Races","United States","Both","All Ages","1999","2015","Violence-Related Firearm","2004","28685","292805298","9.8","9.69279169999476"
"Both Sexes","All Races","United States","Both","All Ages","1999","2015","Violence-Related Firearm","2005","29684","295516599","10.04","9.93465551025355"
"Both Sexes","All Races","United States","Both","All Ages","1999","2015","Violence-Related Firearm","2006","30034","298379912","10.07","9.93563426376872"
"Both Sexes","All Races","United States","Both","All Ages","1999","2015","Violence-Related Firearm","2007","30335","301231207","10.07","9.94658078981598"
"Both Sexes","All Races","United States","Both","All Ages","1999","2015","Violence-Related Firearm","2008","30728","304093966","10.1","9.95255225050363"
"Both Sexes","All Races","United States","Both","All Ages","1999","2015","Violence-Related Firearm","2009","30561","306771529","9.96","9.79616101380178"
"Both Sexes","All Races","United States","Both","All Ages","1999","2015","Violence-Related Firearm","2010","30814","308745538","9.98","9.7942026010677"
"Both Sexes","All Races","United States","Both","All Ages","1999","2015","Violence-Related Firearm","2011","31512","311718857","10.11","9.89283883881389"
"Both Sexes","All Races","United States","Both","All Ages","1999","2015","Violence-Related Firearm","2012","32759","314102623","10.43","10.1922845483305"
"Both Sexes","All Races","United States","Both","All Ages","1999","2015","Violence-Related Firearm","2013","32849","316427395","10.38","10.1230258361292"
"Both Sexes","All Races","United States","Both","All Ages","1999","2015","Violence-Related Firearm","2014","32743","318907401","10.27","9.98708466433222"
"Both Sexes","All Races","United States","Both","All Ages","1999","2015","Violence-Related Firearm","2015","35476","321418820","11.04","10.768292622325"
"Both Sexes","All Races","United States","Both","All Ages","1999","2015","Violence-Related Firearm","X","518514","5113283313","10.14","."
