"Sex","Race","State","Ethnicity","Age Group","First Year","Last Year","Cause of Death","Year","Deaths","Population","Crude Rate","Age-Adjusted Rate"
"Both Sexes","All Races","United States","Both","All Ages","1981","1998","Unintentional Firearm","1981","1871","229465316","0.82","0.76385672745752"
"Both Sexes","All Races","United States","Both","All Ages","1981","1998","Unintentional Firearm","1982","1756","231664211","0.76","0.71557090082178"
"Both Sexes","All Races","United States","Both","All Ages","1981","1998","Unintentional Firearm","1983","1695","233792237","0.73","0.69275997302773"
"Both Sexes","All Races","United States","Both","All Ages","1981","1998","Unintentional Firearm","1984","1668","235825040","0.71","0.67769759595686"
"Both Sexes","All Races","United States","Both","All Ages","1981","1998","Unintentional Firearm","1985","1649","237924038","0.69","0.66859741487359"
"Both Sexes","All Races","United States","Both","All Ages","1981","1998","Unintentional Firearm","1986","1452","240133048","0.6","0.58279304680896"
"Both Sexes","All Races","United States","Both","All Ages","1981","1998","Unintentional Firearm","1987","1440","242289046","0.59","0.57521145630808"
"Both Sexes","All Races","United States","Both","All Ages","1981","1998","Unintentional Firearm","1988","1501","244499040","0.61","0.60221173393938"
"Both Sexes","All Races","United States","Both","All Ages","1981","1998","Unintentional Firearm","1989","1489","246819195","0.6","0.58518225713192"
"Both Sexes","All Races","United States","Both","All Ages","1981","1998","Unintentional Firearm","1990","1416","249464396","0.57","0.55357638791555"
"Both Sexes","All Races","United States","Both","All Ages","1981","1998","Unintentional Firearm","1991","1441","252980942","0.57","0.565012747041"
"Both Sexes","All Races","United States","Both","All Ages","1981","1998","Unintentional Firearm","1992","1409","256514231","0.55","0.5420334525499"
"Both Sexes","All Races","United States","Both","All Ages","1981","1998","Unintentional Firearm","1993","1521","259918595","0.59","0.58044677567243"
"Both Sexes","All Races","United States","Both","All Ages","1981","1998","Unintentional Firearm","1994","1356","263125826","0.52","0.51210530761059"
"Both Sexes","All Races","United States","Both","All Ages","1981","1998","Unintentional Firearm","1995","1225","266278403","0.46","0.45749256210951"
"Both Sexes","All Races","United States","Both","All Ages","1981","1998","Unintentional Firearm","1996","1134","269394291","0.42","0.42063310388064"
"Both Sexes","All Races","United States","Both","All Ages","1981","1998","Unintentional Firearm","1997","981","272646932","0.36","0.35972282541803"
"Both Sexes","All Races","United States","Both","All Ages","1981","1998","Unintentional Firearm","1998","866","275854116","0.31","0.31284763500669"
"Both Sexes","All Races","United States","Both","All Ages","1981","1998","Unintentional Firearm","X","25870","4508588903","0.57","."
