"Sex","Race","State","Ethnicity","Age Group","First Year","Last Year","Cause of Death","Year","Deaths","Population","Crude Rate","Age-Adjusted Rate"
"Both Sexes","All Races","United States","Both","All Ages","1981","1998","Violence-Related Firearm","1981","31500","229465316","13.73","13.5950383488578"
"Both Sexes","All Races","United States","Both","All Ages","1981","1998","Violence-Related Firearm","1982","30666","231664211","13.24","13.1159522345553"
"Both Sexes","All Races","United States","Both","All Ages","1981","1998","Violence-Related Firearm","1983","28897","233792237","12.36","12.2210825777514"
"Both Sexes","All Races","United States","Both","All Ages","1981","1998","Violence-Related Firearm","1984","29181","235825040","12.37","12.1934685850641"
"Both Sexes","All Races","United States","Both","All Ages","1981","1998","Violence-Related Firearm","1985","29441","237924038","12.37","12.1632262546785"
"Both Sexes","All Races","United States","Both","All Ages","1981","1998","Violence-Related Firearm","1986","31429","240133048","13.09","12.772873661265"
"Both Sexes","All Races","United States","Both","All Ages","1981","1998","Violence-Related Firearm","1987","31050","242289046","12.82","12.5087319644636"
"Both Sexes","All Races","United States","Both","All Ages","1981","1998","Violence-Related Firearm","1988","32046","244499040","13.11","12.7306133790189"
"Both Sexes","All Races","United States","Both","All Ages","1981","1998","Violence-Related Firearm","1989","32947","246819195","13.35","13.003140398191"
"Both Sexes","All Races","United States","Both","All Ages","1981","1998","Violence-Related Firearm","1990","35392","249464396","14.19","13.8228663790305"
"Both Sexes","All Races","United States","Both","All Ages","1981","1998","Violence-Related Firearm","1991","36512","252980942","14.43","14.1133215914092"
"Both Sexes","All Races","United States","Both","All Ages","1981","1998","Violence-Related Firearm","1992","35959","256514231","14.02","13.7637851373145"
"Both Sexes","All Races","United States","Both","All Ages","1981","1998","Violence-Related Firearm","1993","37511","259918595","14.43","14.210111108028"
"Both Sexes","All Races","United States","Both","All Ages","1981","1998","Violence-Related Firearm","1994","36631","263125826","13.92","13.7454831262186"
"Both Sexes","All Races","United States","Both","All Ages","1981","1998","Violence-Related Firearm","1995","34338","266278403","12.9","12.7796724336962"
"Both Sexes","All Races","United States","Both","All Ages","1981","1998","Violence-Related Firearm","1996","32493","269394291","12.06","11.9997961719351"
"Both Sexes","All Races","United States","Both","All Ages","1981","1998","Violence-Related Firearm","1997","31088","272646932","11.4","11.3447480345378"
"Both Sexes","All Races","United States","Both","All Ages","1981","1998","Violence-Related Firearm","1998","29526","275854116","10.7","10.6586234565694"
"Both Sexes","All Races","United States","Both","All Ages","1981","1998","Violence-Related Firearm","X","586607","4508588903","13.01","."
