"Sex","Race","State","Ethnicity","Age Group","First Year","Last Year","Cause of Death","Year","Deaths","Population","Crude Rate","Age-Adjusted Rate"
"Both Sexes","All Races","California","Both","All Ages","1981","1998","Unintentional Firearm","1981","148","24286016","0.61","0.54080990149975"
"Both Sexes","All Races","California","Both","All Ages","1981","1998","Unintentional Firearm","1982","102","24820028","0.41","0.35779787827748"
"Both Sexes","All Races","California","Both","All Ages","1981","1998","Unintentional Firearm","1983","124","25360065","0.49","0.45077587914613"
"Both Sexes","All Races","California","Both","All Ages","1981","1998","Unintentional Firearm","1984","147","25844407","0.57","0.52205167202045"
"Both Sexes","All Races","California","Both","All Ages","1981","1998","Unintentional Firearm","1985","176","26441102","0.67","0.59447615455759"
"Both Sexes","All Races","California","Both","All Ages","1981","1998","Unintentional Firearm","1986","133","27102159","0.49","0.43748826253746"
"Both Sexes","All Races","California","Both","All Ages","1981","1998","Unintentional Firearm","1987","141","27777037","0.51","0.46768732606911"
"Both Sexes","All Races","California","Both","All Ages","1981","1998","Unintentional Firearm","1988","149","28464180","0.52","0.4927739542166"
"Both Sexes","All Races","California","Both","All Ages","1981","1998","Unintentional Firearm","1989","199","29218118","0.68","0.64882444472953"
"Both Sexes","All Races","California","Both","All Ages","1981","1998","Unintentional Firearm","1990","124","29950111","0.41","0.3852377073131"
"Both Sexes","All Races","California","Both","All Ages","1981","1998","Unintentional Firearm","1991","136","30470736","0.45","0.42747977497004"
"Both Sexes","All Races","California","Both","All Ages","1981","1998","Unintentional Firearm","1992","118","30974659","0.38","0.36805952296316"
"Both Sexes","All Races","California","Both","All Ages","1981","1998","Unintentional Firearm","1993","123","31274928","0.39","0.38666470079269"
"Both Sexes","All Races","California","Both","All Ages","1981","1998","Unintentional Firearm","1994","138","31484435","0.44","0.43959444286345"
"Both Sexes","All Races","California","Both","All Ages","1981","1998","Unintentional Firearm","1995","111","31696582","0.35","0.34144773345461"
"Both Sexes","All Races","California","Both","All Ages","1981","1998","Unintentional Firearm","1996","142","32018834","0.44","0.44261803469641"
"Both Sexes","All Races","California","Both","All Ages","1981","1998","Unintentional Firearm","1997","80","32486010","0.25","0.24919164585445"
"Both Sexes","All Races","California","Both","All Ages","1981","1998","Unintentional Firearm","1998","52","32987675","0.16","0.15591804409432"
"Both Sexes","All Races","California","Both","All Ages","1981","1998","Unintentional Firearm","","2343","522657082","0.45","."
"Both Sexes","All Races","Total","Both","All Ages","1981","1998","Unintentional Firearm","","2343","522657082","0.45","."
